{
  "rouge1": 0.06666666666666667,
  "rouge2": 0.0,
  "rougeL": 0.06666666666666667
}