{
  "rouge1": 0.26666666666666666,
  "rouge2": 0.0,
  "rougeL": 0.26666666666666666
}